{
	"AWSTemplateFormatVersion": "2010-09-09",
	"Description": "Lambda layer resource stack creation using Amplify CLI",
	"Parameters": {
		"layerVersion": {
			"Type": "String",
			"Default": "1"
		},
		"env": {
			"Type": "String"
		}
	},
	"Resources": {
		"LambdaLayer": {
			"Type": "AWS::Lambda::LayerVersion",
			"Properties": {
				"CompatibleRuntimes": [
					"nodejs12.x",
					"python3.8"
				],
				"Content": {
					"S3Bucket": "amplify-hacku2020-dev-144145-deployment",
					"S3Key": "amplify-builds/hacku20208a4d3a4b-build.zip"
				},
				"Description": "Lambda layer version 1",
				"LayerName": "hacku20208a4d3a4b"
			},
			"DeletionPolicy": "Retain",
			"UpdateReplacePolicy": "Retain"
		},
		"LambdaLayerPermissionpublic1": {
			"Type": "AWS::Lambda::LayerVersionPermission",
			"Properties": {
				"Action": "lambda:GetLayerVersion",
				"LayerVersionArn": {
					"Ref": "LambdaLayer"
				},
				"Principal": "*"
			}
		}
	},
	"Conditions": {
		"HasEnvironmentParameter": {
			"Fn::Not": [
				{
					"Fn::Equals": [
						{
							"Ref": "env"
						},
						"NONE"
					]
				}
			]
		}
	},
	"Outputs": {
		"Arn": {
			"Value": {
				"Ref": "LambdaLayer"
			}
		},
		"Region": {
			"Value": {
				"Ref": "AWS::Region"
			}
		}
	}
}