{
    "bucketName": "hacku2020s3bucket",
    "authPolicyName": "s3_amplify_41fce907",
    "unauthPolicyName": "s3_amplify_41fce907",
    "authRoleName": {
        "Ref": "AuthRoleName"
    },
    "unauthRoleName": {
        "Ref": "UnauthRoleName"
    },
    "selectedGuestPermissions": [
        "s3:PutObject",
        "s3:GetObject",
        "s3:ListBucket",
        "s3:DeleteObject"
    ],
    "selectedAuthenticatedPermissions": [
        "s3:PutObject",
        "s3:GetObject",
        "s3:ListBucket",
        "s3:DeleteObject"
    ],
    "s3PermissionsAuthenticatedPublic": "s3:PutObject,s3:GetObject,s3:DeleteObject",
    "s3PublicPolicy": "Public_policy_6f10a1bc",
    "s3PermissionsAuthenticatedUploads": "s3:PutObject",
    "s3UploadsPolicy": "Uploads_policy_6f10a1bc",
    "s3PermissionsAuthenticatedProtected": "s3:PutObject,s3:GetObject,s3:DeleteObject",
    "s3ProtectedPolicy": "Protected_policy_409d2084",
    "s3PermissionsAuthenticatedPrivate": "s3:PutObject,s3:GetObject,s3:DeleteObject",
    "s3PrivatePolicy": "Private_policy_409d2084",
    "AuthenticatedAllowList": "ALLOW",
    "s3ReadPolicy": "read_policy_6f10a1bc",
    "s3PermissionsGuestPublic": "s3:PutObject,s3:GetObject,s3:DeleteObject",
    "s3PermissionsGuestUploads": "s3:PutObject",
    "GuestAllowList": "ALLOW",
    "triggerFunction": "NONE"
}