{
	"providers": {
		"awscloudformation": {
			"AuthRoleName": "amplify-hacku2020-dev-144145-authRole",
			"UnauthRoleArn": "arn:aws:iam::196660586489:role/amplify-hacku2020-dev-144145-unauthRole",
			"AuthRoleArn": "arn:aws:iam::196660586489:role/amplify-hacku2020-dev-144145-authRole",
			"Region": "ap-northeast-1",
			"DeploymentBucketName": "amplify-hacku2020-dev-144145-deployment",
			"UnauthRoleName": "amplify-hacku2020-dev-144145-unauthRole",
			"StackName": "amplify-hacku2020-dev-144145",
			"StackId": "arn:aws:cloudformation:ap-northeast-1:196660586489:stack/amplify-hacku2020-dev-144145/586f9860-db95-11ea-aec5-0ef015a9ecfc",
			"AmplifyAppId": "d2akw61lbykfbl"
		}
	},
	"auth": {
		"hacku2020c8c80c96": {
			"service": "Cognito",
			"providerPlugin": "awscloudformation",
			"dependsOn": [],
			"providerMetadata": {
				"s3TemplateURL": "https://s3.amazonaws.com/amplify-hacku2020-dev-144145-deployment/amplify-cfn-templates/auth/hacku2020c8c80c96-cloudformation-template.yml",
				"logicalId": "authhacku2020c8c80c96"
			},
			"lastPushTimeStamp": "2020-08-11T05:52:35.166Z",
			"output": {
				"AppClientSecret": "k6dar8g2cjl1ufogincffailja71obk0prp2dp0a2f134r61gu5",
				"UserPoolId": "ap-northeast-1_g5pG65xou",
				"AppClientIDWeb": "2v03g9rt9mrg5u3cronl9a9kgo",
				"AppClientID": "roetm3u02kqe3nukk5cf1icgr",
				"IdentityPoolId": "ap-northeast-1:30bc654a-8154-465d-b07e-1749b9ff85cb",
				"IdentityPoolName": "hacku2020c8c80c96_identitypool_c8c80c96__dev",
				"UserPoolName": "hacku2020c8c80c96_userpool_c8c80c96"
			},
			"lastPushDirHash": "eIFiO8E7iiz35ZFvxHqlap+LY9k="
		}
	},
	"api": {
		"hacku2020api": {
			"service": "AppSync",
			"providerPlugin": "awscloudformation",
			"output": {
				"authConfig": {
					"defaultAuthentication": {
						"authenticationType": "AMAZON_COGNITO_USER_POOLS",
						"userPoolConfig": {
							"userPoolId": "authhacku2020c8c80c96"
						}
					},
					"additionalAuthenticationProviders": []
				},
				"GraphQLAPIIdOutput": "hl5wsdrx7rbnfoetdiruegs4wa",
				"GraphQLAPIEndpointOutput": "https://qedce6ypnzfmthtmcqdeofhu6e.appsync-api.ap-northeast-1.amazonaws.com/graphql"
			},
			"providerMetadata": {
				"s3TemplateURL": "https://s3.amazonaws.com/amplify-hacku2020-dev-144145-deployment/amplify-cfn-templates/api/cloudformation-template.json",
				"logicalId": "apihacku2020api"
			},
			"lastPushTimeStamp": "2020-08-11T05:52:35.166Z",
			"lastPushDirHash": "e2xBwubjavaOUE/GUDUNAA8j0zY="
		}
	},
	"storage": {
		"hacku2020s3": {
			"service": "S3",
			"providerPlugin": "awscloudformation",
			"providerMetadata": {
				"s3TemplateURL": "https://s3.amazonaws.com/amplify-hacku2020-dev-144145-deployment/amplify-cfn-templates/storage/s3-cloudformation-template.json",
				"logicalId": "storagehacku2020s3"
			},
			"lastPushTimeStamp": "2020-08-11T05:52:35.166Z",
			"output": {
				"BucketName": "hacku2020s3bucket144145-dev",
				"Region": "ap-northeast-1"
			},
			"lastPushDirHash": "rmVqHX9Z3bWrOJzCZKznC/7xTQE="
		}
	},
	"function": {
		"hacku20208a4d3a4b": {
			"runtimes": [
				{
					"value": "nodejs",
					"name": "NodeJS",
					"layerExecutablePath": "nodejs/node_modules",
					"cloudTemplateValue": "nodejs12.x"
				},
				{
					"value": "python",
					"name": "Python",
					"layerExecutablePath": "python/lib/python3.8/site-packages",
					"cloudTemplateValue": "python3.8"
				}
			],
			"layerVersionMap": {
				"1": {
					"permissions": [
						{
							"type": "public"
						},
						{
							"type": "private"
						}
					],
					"hash": "dcXIILFOGSAbwE+gJ5u8LVxecqD5S72eBHZwYBfKF6Y="
				}
			},
			"providerPlugin": "awscloudformation",
			"service": "LambdaLayer",
			"build": true,
			"lastPushTimeStamp": "2020-08-11T05:52:35.166Z",
			"lastPackageTimeStamp": "2020-08-11T05:45:35.257Z",
			"distZipFilename": "hacku20208a4d3a4b-build.zip",
			"providerMetadata": {
				"s3TemplateURL": "https://s3.amazonaws.com/amplify-hacku2020-dev-144145-deployment/amplify-cfn-templates/function/hacku20208a4d3a4b-awscloudformation-template.json",
				"logicalId": "functionhacku20208a4d3a4b"
			},
			"output": {
				"Region": "ap-northeast-1",
				"Arn": "arn:aws:lambda:ap-northeast-1:196660586489:layer:hacku20208a4d3a4b:1"
			},
			"lastPushDirHash": "SThNOMMTkZTjUe6qEewhTXmS54g="
		}
	}
}